FileName,Canada,summer,shoes,pant,christimas,sleepy,groceries,gossip,current,mud,carols,interesting,mistletoe,thursday,boring,wood,black,hockey,orange,hobby,holiday,swim,eraser,return,food,dessert,school,lunch,reporters,clouds,teacher,celebrate,tickets,Jamaica,flipflop,Greenland,towel,car,countries,potatoes,India,swimsuit,winter,sand,weather,red,bowling,Kenya,hanger,parade,tree,receipt,administrator,France,books,college,read,candle,lightning,christ,entertainment,sun,associate,research,hodge-podge,lights,fans,China,cars,fall,Germany,christmas,drink,fun,friday,exchange,joy,team,burn,lotion,water,newspaper,baseball,santa,news,november,Austrailia,knit,Russia,thanksgiving,wait,trophy,luggage,leaves,credit,dinner,beans,cranberry,Japan,castle,Brazil,email,Great Britain,sing,Nigeria,cafeteria,rolls,expensive,turkey,basketball,desk,tennis,vacation,construct,sports,reindeer,decorations,low,Chile,spring,store,board,buy,shopping,gear,pencils,season,Poland,hotel,cashier,sunglasses,craft,line,eat,high,soccer,hike,work,bucket,getaway,chalk,mall,computer,cards,shark,Italy,USA,pie,sunscreen,tide,bias,hobbies,flight,tan,dress,anchors,shirt,perform,media,bat,snow,write,field,speech,interview,holly,beach,play,ball,tornado,football,relax,rain,gifts,seasons,highschool,medal,class,hurricaine,jellyfish,centerpiece,Mexico,Egypt,sale,ocean,green,movie,fact,songs
Document0,0.0,0.0,0.0,5.0,0.0,0.0,4.0,0.0,0.0,0.0,0.0,0.0,0.0,0.0,0.0,0.0,0.0,0.0,0.0,11.0,0.0,0.0,0.0,5.0,6.0,0.0,1.0,0.0,0.0,0.0,0.0,0.0,0.0,0.0,0.0,0.0,0.0,0.0,0.0,0.0,0.0,0.0,0.0,5.0,0.0,0.0,0.0,0.0,3.0,0.0,2.0,12.0,0.0,0.0,0.0,15.0,0.0,0.0,0.0,0.0,0.0,0.0,10.0,0.0,1.0,10.0,0.0,0.0,0.0,0.0,0.0,11.0,0.0,0.0,23.0,2.0,0.0,0.0,0.0,0.0,0.0,6.0,2.0,0.0,0.0,0.0,0.0,0.0,0.0,14.0,8.0,0.0,0.0,0.0,15.0,0.0,0.0,0.0,0.0,0.0,0.0,0.0,0.0,0.0,0.0,0.0,0.0,8.0,5.0,14.0,0.0,0.0,0.0,0.0,11.0,0.0,0.0,0.0,0.0,0.0,25.0,0.0,8.0,1.0,0.0,0.0,0.0,0.0,0.0,13.0,0.0,0.0,15.0,3.0,0.0,0.0,0.0,0.0,0.0,0.0,0.0,2.0,0.0,0.0,0.0,0.0,0.0,0.0,0.0,0.0,0.0,0.0,0.0,0.0,4.0,0.0,10.0,0.0,0.0,0.0,0.0,0.0,0.0,0.0,0.0,0.0,5.0,0.0,0.0,0.0,0.0,0.0,0.0,0.0,0.0,1.0,0.0,0.0,0.0,0.0,0.0,0.0,0.0,6.0,10.0,0.0,0.0,0.0,0.0
Document1,0.0,0.0,0.0,0.0,0.0,0.0,0.0,0.0,0.0,0.0,0.0,0.0,0.0,0.0,0.0,0.0,0.0,0.0,0.0,0.0,0.0,13.0,0.0,0.0,0.0,0.0,0.0,0.0,0.0,0.0,0.0,0.0,0.0,0.0,4.0,0.0,17.0,0.0,0.0,0.0,0.0,21.0,0.0,47.0,0.0,0.0,0.0,0.0,0.0,0.0,0.0,0.0,0.0,0.0,0.0,0.0,0.0,0.0,0.0,0.0,0.0,26.0,0.0,0.0,0.0,0.0,0.0,0.0,0.0,0.0,0.0,0.0,0.0,0.0,0.0,0.0,0.0,0.0,23.0,4.0,0.0,0.0,0.0,0.0,0.0,0.0,0.0,0.0,0.0,0.0,0.0,0.0,0.0,0.0,0.0,0.0,0.0,0.0,0.0,3.0,0.0,0.0,0.0,0.0,0.0,0.0,0.0,0.0,0.0,0.0,0.0,0.0,0.0,0.0,0.0,0.0,0.0,23.0,0.0,0.0,0.0,0.0,0.0,0.0,0.0,0.0,0.0,0.0,0.0,0.0,0.0,0.0,0.0,0.0,36.0,0.0,0.0,0.0,40.0,0.0,0.0,0.0,0.0,0.0,5.0,0.0,0.0,0.0,14.0,12.0,0.0,0.0,0.0,15.0,0.0,0.0,0.0,0.0,0.0,0.0,0.0,0.0,0.0,0.0,0.0,0.0,1.0,0.0,1.0,0.0,0.0,0.0,0.0,0.0,0.0,0.0,0.0,0.0,0.0,13.0,0.0,0.0,0.0,0.0,7.0,0.0,0.0,0.0,0.0
Document2,0.0,0.0,0.0,7.0,1.0,0.0,1.0,0.0,0.0,0.0,2.0,0.0,4.0,0.0,0.0,0.0,0.0,3.0,0.0,0.0,17.0,0.0,0.0,1.0,6.0,1.0,0.0,0.0,0.0,0.0,0.0,0.0,2.0,0.0,0.0,0.0,0.0,0.0,0.0,0.0,0.0,0.0,0.0,0.0,0.0,0.0,3.0,0.0,1.0,0.0,8.0,11.0,0.0,0.0,0.0,0.0,0.0,4.0,0.0,3.0,0.0,0.0,5.0,0.0,0.0,1.0,19.0,0.0,0.0,0.0,0.0,4.0,9.0,0.0,13.0,1.0,4.0,11.0,0.0,0.0,7.0,0.0,1.0,4.0,0.0,0.0,0.0,0.0,0.0,0.0,4.0,7.0,0.0,0.0,5.0,0.0,0.0,9.0,0.0,0.0,0.0,0.0,0.0,0.0,0.0,0.0,0.0,2.0,0.0,8.0,0.0,2.0,0.0,0.0,2.0,6.0,0.0,0.0,0.0,0.0,4.0,0.0,1.0,1.0,3.0,0.0,1.0,0.0,0.0,6.0,0.0,0.0,8.0,0.0,0.0,0.0,0.0,0.0,0.0,0.0,0.0,5.0,0.0,4.0,0.0,0.0,0.0,0.0,0.0,0.0,0.0,0.0,0.0,0.0,0.0,0.0,4.0,0.0,0.0,0.0,0.0,0.0,8.0,0.0,0.0,6.0,0.0,0.0,1.0,0.0,6.0,0.0,0.0,0.0,0.0,0.0,7.0,0.0,0.0,0.0,0.0,0.0,0.0,6.0,0.0,3.0,0.0,0.0,14.0
Document3,8.0,0.0,0.0,5.0,1.0,0.0,1.0,0.0,0.0,0.0,2.0,0.0,4.0,0.0,0.0,0.0,0.0,0.0,0.0,0.0,19.0,0.0,0.0,2.0,2.0,0.0,0.0,0.0,0.0,0.0,0.0,0.0,0.0,7.0,0.0,5.0,0.0,0.0,1.0,0.0,2.0,0.0,0.0,0.0,0.0,0.0,0.0,2.0,2.0,0.0,6.0,8.0,0.0,12.0,0.0,0.0,0.0,3.0,0.0,8.0,0.0,0.0,3.0,0.0,0.0,3.0,0.0,9.0,0.0,0.0,0.0,8.0,0.0,0.0,10.0,0.0,9.0,0.0,0.0,0.0,0.0,0.0,0.0,2.0,0.0,0.0,2.0,0.0,3.0,0.0,0.0,0.0,0.0,0.0,5.0,0.0,0.0,8.0,0.0,0.0,11.0,0.0,9.0,0.0,2.0,0.0,0.0,3.0,0.0,0.0,0.0,0.0,0.0,0.0,0.0,8.0,3.0,0.0,9.0,0.0,7.0,0.0,2.0,1.0,0.0,0.0,1.0,5.0,0.0,9.0,0.0,0.0,6.0,0.0,0.0,0.0,0.0,0.0,0.0,0.0,0.0,10.0,0.0,2.0,0.0,7.0,7.0,0.0,0.0,0.0,0.0,0.0,0.0,0.0,2.0,0.0,9.0,0.0,0.0,0.0,0.0,0.0,0.0,0.0,0.0,1.0,0.0,0.0,0.0,0.0,0.0,0.0,0.0,5.0,0.0,0.0,0.0,0.0,0.0,0.0,0.0,1.0,3.0,6.0,0.0,1.0,0.0,0.0,11.0
Document4,0.0,0.0,0.0,0.0,0.0,0.0,0.0,20.0,8.0,0.0,0.0,15.0,0.0,0.0,0.0,0.0,0.0,0.0,0.0,0.0,12.0,0.0,0.0,0.0,0.0,0.0,0.0,0.0,4.0,0.0,0.0,0.0,0.0,0.0,0.0,0.0,0.0,0.0,0.0,0.0,0.0,0.0,0.0,0.0,3.0,0.0,0.0,0.0,0.0,0.0,0.0,0.0,0.0,0.0,0.0,0.0,30.0,0.0,0.0,0.0,10.0,0.0,0.0,12.0,0.0,0.0,0.0,0.0,0.0,0.0,0.0,0.0,0.0,0.0,0.0,0.0,0.0,0.0,0.0,0.0,0.0,18.0,0.0,0.0,12.0,0.0,0.0,0.0,0.0,0.0,0.0,0.0,0.0,0.0,0.0,0.0,0.0,0.0,0.0,0.0,0.0,10.0,0.0,0.0,0.0,0.0,0.0,0.0,0.0,0.0,0.0,0.0,0.0,0.0,9.0,0.0,0.0,0.0,0.0,0.0,0.0,0.0,0.0,0.0,0.0,0.0,8.0,0.0,0.0,0.0,0.0,0.0,0.0,0.0,0.0,0.0,0.0,0.0,0.0,0.0,0.0,0.0,0.0,0.0,0.0,0.0,0.0,0.0,0.0,0.0,20.0,0.0,0.0,0.0,0.0,37.0,0.0,0.0,22.0,0.0,0.0,0.0,0.0,3.0,41.0,0.0,0.0,0.0,0.0,0.0,0.0,0.0,0.0,0.0,0.0,0.0,0.0,0.0,0.0,0.0,0.0,0.0,0.0,0.0,0.0,0.0,0.0,2.0,0.0
Document5,0.0,0.0,0.0,0.0,1.0,0.0,0.0,0.0,0.0,0.0,5.0,0.0,7.0,0.0,0.0,0.0,0.0,2.0,0.0,0.0,22.0,0.0,0.0,0.0,5.0,0.0,0.0,0.0,0.0,0.0,0.0,0.0,5.0,0.0,0.0,0.0,0.0,0.0,0.0,0.0,0.0,0.0,0.0,0.0,0.0,0.0,8.0,0.0,0.0,0.0,10.0,0.0,0.0,0.0,0.0,0.0,0.0,10.0,0.0,11.0,0.0,0.0,0.0,0.0,0.0,2.0,27.0,0.0,0.0,0.0,0.0,4.0,4.0,0.0,0.0,0.0,9.0,8.0,0.0,0.0,8.0,0.0,1.0,5.0,0.0,0.0,0.0,0.0,0.0,0.0,0.0,9.0,0.0,0.0,0.0,0.0,0.0,16.0,0.0,0.0,0.0,0.0,0.0,0.0,0.0,0.0,0.0,0.0,0.0,7.0,0.0,5.0,0.0,0.0,3.0,10.0,1.0,0.0,0.0,0.0,0.0,0.0,0.0,0.0,8.0,0.0,2.0,0.0,0.0,0.0,0.0,0.0,0.0,0.0,0.0,2.0,0.0,0.0,0.0,0.0,0.0,0.0,0.0,8.0,0.0,0.0,0.0,0.0,0.0,0.0,0.0,0.0,0.0,0.0,0.0,0.0,0.0,0.0,0.0,0.0,0.0,0.0,16.0,0.0,0.0,5.0,0.0,0.0,5.0,0.0,7.0,0.0,0.0,1.0,0.0,0.0,6.0,0.0,0.0,0.0,0.0,0.0,0.0,0.0,0.0,1.0,0.0,0.0,22.0
Document6,0.0,0.0,0.0,0.0,0.0,0.0,0.0,0.0,0.0,0.0,0.0,4.0,0.0,0.0,0.0,4.0,0.0,0.0,0.0,14.0,0.0,15.0,0.0,0.0,12.0,0.0,0.0,0.0,0.0,0.0,0.0,0.0,0.0,0.0,2.0,0.0,9.0,0.0,0.0,0.0,0.0,9.0,0.0,18.0,0.0,0.0,0.0,0.0,0.0,0.0,0.0,0.0,0.0,0.0,3.0,0.0,7.0,0.0,0.0,0.0,0.0,20.0,0.0,0.0,0.0,0.0,0.0,0.0,0.0,0.0,0.0,0.0,0.0,0.0,0.0,0.0,0.0,0.0,10.0,4.0,0.0,0.0,0.0,0.0,0.0,0.0,0.0,7.0,0.0,0.0,0.0,0.0,0.0,0.0,0.0,6.0,0.0,0.0,0.0,0.0,0.0,0.0,0.0,3.0,0.0,0.0,0.0,1.0,0.0,0.0,0.0,0.0,0.0,4.0,13.0,0.0,6.0,15.0,0.0,0.0,0.0,0.0,0.0,0.0,0.0,0.0,0.0,0.0,0.0,0.0,0.0,0.0,0.0,0.0,15.0,0.0,2.0,0.0,12.0,0.0,0.0,0.0,0.0,29.0,5.0,0.0,0.0,0.0,4.0,8.0,0.0,1.0,0.0,3.0,0.0,0.0,0.0,8.0,0.0,0.0,0.0,6.0,0.0,0.0,0.0,0.0,1.0,7.0,0.0,0.0,0.0,0.0,0.0,0.0,0.0,0.0,0.0,0.0,0.0,8.0,0.0,0.0,0.0,0.0,4.0,0.0,0.0,0.0,0.0
Document7,0.0,1.0,5.0,7.0,1.0,0.0,0.0,1.0,0.0,1.0,1.0,7.0,3.0,0.0,0.0,0.0,0.0,2.0,4.0,0.0,22.0,2.0,0.0,3.0,0.0,0.0,0.0,0.0,0.0,6.0,0.0,0.0,0.0,0.0,8.0,0.0,5.0,1.0,0.0,0.0,0.0,5.0,0.0,3.0,1.0,8.0,1.0,0.0,1.0,0.0,1.0,4.0,0.0,0.0,0.0,0.0,7.0,1.0,1.0,3.0,1.0,12.0,1.0,3.0,0.0,0.0,6.0,0.0,1.0,0.0,0.0,1.0,0.0,3.0,7.0,0.0,1.0,3.0,2.0,0.0,1.0,1.0,0.0,1.0,2.0,0.0,0.0,0.0,0.0,0.0,2.0,1.0,1.0,4.0,1.0,3.0,0.0,6.0,0.0,0.0,0.0,0.0,0.0,0.0,0.0,0.0,0.0,11.0,0.0,5.0,0.0,1.0,5.0,0.0,4.0,0.0,1.0,3.0,0.0,1.0,3.0,0.0,5.0,1.0,0.0,0.0,1.0,0.0,1.0,3.0,2.0,0.0,4.0,0.0,4.0,2.0,0.0,0.0,8.0,5.0,0.0,1.0,0.0,2.0,1.0,0.0,0.0,0.0,0.0,1.0,3.0,0.0,3.0,2.0,4.0,9.0,1.0,0.0,3.0,0.0,2.0,0.0,7.0,0.0,5.0,1.0,2.0,0.0,3.0,0.0,0.0,0.0,2.0,0.0,2.0,0.0,3.0,0.0,0.0,4.0,0.0,0.0,0.0,2.0,0.0,1.0,0.0,0.0,6.0
Document8,0.0,0.0,0.0,0.0,0.0,3.0,2.0,0.0,0.0,0.0,0.0,0.0,0.0,5.0,0.0,0.0,3.0,0.0,1.0,4.0,6.0,0.0,0.0,0.0,1.0,21.0,4.0,0.0,0.0,0.0,0.0,0.0,0.0,0.0,0.0,0.0,0.0,0.0,0.0,13.0,0.0,0.0,0.0,3.0,0.0,0.0,12.0,0.0,0.0,1.0,4.0,0.0,0.0,0.0,0.0,11.0,0.0,0.0,0.0,0.0,0.0,0.0,0.0,0.0,1.0,7.0,13.0,0.0,0.0,0.0,0.0,7.0,6.0,0.0,12.0,0.0,0.0,5.0,0.0,0.0,9.0,5.0,3.0,0.0,0.0,6.0,0.0,0.0,0.0,8.0,0.0,6.0,0.0,0.0,0.0,0.0,1.0,6.0,0.0,0.0,0.0,0.0,0.0,0.0,0.0,0.0,6.0,0.0,3.0,21.0,0.0,2.0,0.0,0.0,6.0,0.0,0.0,0.0,0.0,0.0,10.0,0.0,0.0,0.0,2.0,0.0,0.0,0.0,0.0,0.0,0.0,0.0,0.0,5.0,0.0,2.0,0.0,0.0,0.0,0.0,0.0,1.0,0.0,0.0,0.0,0.0,0.0,3.0,0.0,0.0,0.0,0.0,0.0,0.0,0.0,0.0,0.0,0.0,0.0,0.0,0.0,0.0,13.0,0.0,0.0,0.0,4.0,0.0,4.0,0.0,8.0,0.0,0.0,0.0,0.0,4.0,1.0,0.0,0.0,0.0,4.0,0.0,0.0,0.0,15.0,0.0,2.0,0.0,0.0
Document9,15.0,1.0,0.0,0.0,0.0,0.0,0.0,0.0,0.0,3.0,0.0,0.0,0.0,0.0,0.0,0.0,0.0,0.0,20.0,0.0,12.0,0.0,0.0,0.0,0.0,0.0,0.0,0.0,0.0,18.0,0.0,0.0,0.0,8.0,0.0,8.0,0.0,0.0,1.0,0.0,5.0,0.0,4.0,0.0,0.0,13.0,0.0,7.0,0.0,0.0,0.0,0.0,0.0,10.0,0.0,0.0,0.0,0.0,0.0,0.0,0.0,22.0,0.0,0.0,0.0,0.0,0.0,7.0,4.0,2.0,4.0,0.0,0.0,0.0,0.0,0.0,0.0,0.0,0.0,0.0,7.0,0.0,0.0,0.0,0.0,0.0,5.0,0.0,4.0,0.0,0.0,0.0,0.0,18.0,0.0,0.0,0.0,0.0,0.0,0.0,19.0,0.0,12.0,0.0,4.0,0.0,0.0,0.0,0.0,0.0,0.0,0.0,0.0,0.0,0.0,0.0,0.0,0.0,14.0,0.0,0.0,0.0,0.0,0.0,0.0,0.0,0.0,4.0,0.0,0.0,0.0,0.0,0.0,0.0,0.0,0.0,0.0,0.0,0.0,0.0,0.0,0.0,0.0,0.0,0.0,9.0,10.0,0.0,0.0,0.0,0.0,0.0,0.0,0.0,0.0,0.0,0.0,0.0,0.0,0.0,3.0,0.0,0.0,0.0,0.0,0.0,0.0,0.0,0.0,10.0,0.0,0.0,5.0,0.0,13.0,0.0,0.0,0.0,7.0,0.0,0.0,4.0,7.0,0.0,0.0,0.0,0.0,0.0,0.0
Document10,14.0,0.0,0.0,0.0,0.0,0.0,0.0,0.0,0.0,0.0,0.0,0.0,0.0,0.0,0.0,0.0,0.0,4.0,0.0,0.0,0.0,0.0,0.0,0.0,5.0,0.0,0.0,0.0,0.0,0.0,0.0,0.0,0.0,6.0,0.0,6.0,0.0,0.0,1.0,0.0,7.0,0.0,0.0,0.0,0.0,0.0,10.0,7.0,0.0,0.0,0.0,0.0,0.0,20.0,0.0,0.0,0.0,0.0,0.0,0.0,0.0,0.0,0.0,0.0,0.0,0.0,24.0,4.0,0.0,0.0,1.0,0.0,10.0,0.0,0.0,0.0,0.0,7.0,0.0,0.0,11.0,0.0,1.0,0.0,0.0,0.0,8.0,0.0,5.0,0.0,0.0,13.0,0.0,0.0,0.0,0.0,0.0,0.0,0.0,0.0,12.0,0.0,13.0,0.0,4.0,0.0,0.0,0.0,0.0,14.0,0.0,1.0,0.0,0.0,5.0,0.0,0.0,0.0,15.0,0.0,0.0,0.0,0.0,0.0,7.0,0.0,0.0,10.0,0.0,0.0,0.0,0.0,0.0,0.0,0.0,1.0,0.0,0.0,0.0,0.0,0.0,0.0,0.0,0.0,0.0,13.0,8.0,0.0,0.0,0.0,0.0,0.0,0.0,0.0,0.0,0.0,0.0,0.0,0.0,3.0,0.0,0.0,13.0,0.0,0.0,0.0,0.0,0.0,8.0,0.0,15.0,0.0,0.0,0.0,0.0,0.0,7.0,0.0,0.0,0.0,0.0,3.0,3.0,0.0,0.0,0.0,0.0,0.0,0.0
Document11,0.0,0.0,0.0,0.0,0.0,0.0,0.0,0.0,0.0,0.0,0.0,4.0,0.0,0.0,7.0,4.0,0.0,2.0,0.0,7.0,0.0,6.0,4.0,0.0,9.0,0.0,2.0,10.0,0.0,0.0,6.0,0.0,2.0,0.0,0.0,0.0,0.0,0.0,0.0,0.0,0.0,0.0,0.0,0.0,0.0,0.0,1.0,0.0,0.0,0.0,0.0,0.0,0.0,0.0,5.0,0.0,8.0,0.0,0.0,0.0,0.0,0.0,0.0,9.0,0.0,0.0,18.0,0.0,0.0,0.0,0.0,0.0,6.0,0.0,0.0,0.0,0.0,10.0,0.0,0.0,6.0,0.0,0.0,0.0,0.0,0.0,0.0,3.0,0.0,0.0,0.0,10.0,0.0,0.0,0.0,2.0,0.0,0.0,0.0,0.0,0.0,0.0,0.0,4.0,0.0,8.0,0.0,2.0,0.0,9.0,2.0,2.0,0.0,2.0,10.0,0.0,4.0,0.0,0.0,0.0,0.0,2.0,0.0,0.0,2.0,3.0,0.0,0.0,0.0,0.0,0.0,7.0,0.0,0.0,0.0,0.0,4.0,0.0,0.0,0.0,2.0,0.0,12.0,18.0,0.0,0.0,0.0,0.0,0.0,0.0,0.0,1.0,0.0,0.0,0.0,0.0,0.0,6.0,0.0,1.0,0.0,5.0,10.0,0.0,0.0,0.0,0.0,1.0,4.0,0.0,3.0,0.0,0.0,0.0,0.0,5.0,1.0,10.0,0.0,0.0,0.0,0.0,0.0,0.0,0.0,0.0,0.0,0.0,0.0
Document12,1.0,1.0,0.0,0.0,0.0,2.0,0.0,8.0,0.0,3.0,0.0,6.0,0.0,4.0,0.0,0.0,5.0,0.0,6.0,0.0,8.0,0.0,0.0,0.0,0.0,6.0,0.0,0.0,1.0,12.0,0.0,0.0,0.0,2.0,0.0,2.0,0.0,0.0,1.0,6.0,3.0,0.0,4.0,0.0,1.0,17.0,0.0,2.0,0.0,1.0,0.0,0.0,0.0,4.0,0.0,0.0,9.0,0.0,3.0,0.0,0.0,7.0,0.0,2.0,0.0,0.0,0.0,3.0,2.0,0.0,0.0,0.0,0.0,0.0,4.0,0.0,0.0,0.0,0.0,0.0,1.0,3.0,0.0,0.0,2.0,2.0,3.0,0.0,2.0,1.0,0.0,0.0,0.0,10.0,0.0,0.0,0.0,5.0,2.0,0.0,5.0,2.0,6.0,0.0,1.0,0.0,3.0,0.0,2.0,0.0,0.0,0.0,0.0,0.0,6.0,0.0,0.0,0.0,7.0,0.0,0.0,0.0,0.0,0.0,0.0,0.0,2.0,3.0,0.0,0.0,0.0,0.0,0.0,0.0,0.0,0.0,0.0,0.0,0.0,0.0,0.0,0.0,0.0,0.0,0.0,6.0,3.0,4.0,0.0,0.0,1.0,0.0,0.0,0.0,0.0,8.0,0.0,0.0,4.0,0.0,3.0,0.0,0.0,0.0,10.0,0.0,0.0,0.0,0.0,2.0,3.0,0.0,0.0,0.0,7.0,0.0,0.0,0.0,4.0,0.0,3.0,2.0,1.0,0.0,0.0,0.0,1.0,0.0,0.0
Document13,4.0,0.0,8.0,0.0,1.0,0.0,0.0,2.0,1.0,0.0,0.0,8.0,0.0,0.0,0.0,0.0,0.0,1.0,0.0,0.0,16.0,0.0,0.0,0.0,1.0,0.0,0.0,0.0,4.0,0.0,0.0,4.0,2.0,2.0,6.0,4.0,3.0,0.0,1.0,0.0,5.0,0.0,0.0,0.0,1.0,0.0,2.0,1.0,0.0,0.0,2.0,0.0,0.0,7.0,0.0,0.0,7.0,3.0,0.0,2.0,0.0,0.0,0.0,3.0,0.0,2.0,6.0,2.0,0.0,0.0,1.0,5.0,4.0,0.0,0.0,0.0,4.0,4.0,0.0,0.0,6.0,4.0,1.0,3.0,2.0,0.0,2.0,0.0,2.0,0.0,0.0,7.0,1.0,0.0,0.0,5.0,0.0,5.0,0.0,0.0,5.0,4.0,6.0,0.0,1.0,0.0,0.0,2.0,0.0,8.0,0.0,0.0,3.0,0.0,3.0,3.0,0.0,0.0,3.0,0.0,0.0,0.0,0.0,0.0,1.0,0.0,3.0,5.0,3.0,0.0,2.0,0.0,0.0,0.0,0.0,1.0,0.0,5.0,0.0,4.0,0.0,0.0,0.0,1.0,0.0,4.0,4.0,0.0,0.0,0.0,6.0,0.0,7.0,0.0,0.0,4.0,0.0,0.0,5.0,2.0,0.0,0.0,7.0,0.0,10.0,5.0,2.0,0.0,2.0,0.0,5.0,3.0,0.0,0.0,0.0,0.0,4.0,0.0,0.0,0.0,0.0,3.0,2.0,0.0,0.0,0.0,0.0,1.0,9.0
Document14,0.0,0.0,0.0,0.0,0.0,0.0,0.0,0.0,0.0,0.0,0.0,13.0,0.0,0.0,0.0,5.0,0.0,2.0,0.0,14.0,0.0,9.0,0.0,0.0,10.0,0.0,0.0,0.0,0.0,0.0,0.0,0.0,4.0,0.0,0.0,0.0,0.0,0.0,0.0,0.0,0.0,0.0,0.0,0.0,0.0,0.0,11.0,0.0,0.0,0.0,0.0,0.0,0.0,0.0,1.0,0.0,2.0,0.0,0.0,0.0,0.0,0.0,0.0,0.0,0.0,0.0,17.0,0.0,0.0,0.0,0.0,0.0,9.0,0.0,0.0,0.0,0.0,14.0,0.0,0.0,9.0,0.0,1.0,0.0,0.0,0.0,0.0,6.0,0.0,0.0,0.0,15.0,0.0,0.0,0.0,1.0,0.0,0.0,0.0,0.0,0.0,0.0,0.0,2.0,0.0,0.0,0.0,2.0,0.0,7.0,0.0,4.0,0.0,3.0,16.0,0.0,11.0,0.0,0.0,0.0,0.0,0.0,0.0,0.0,3.0,0.0,0.0,0.0,0.0,0.0,0.0,8.0,0.0,0.0,0.0,5.0,2.0,0.0,0.0,0.0,0.0,0.0,0.0,37.0,0.0,0.0,0.0,0.0,0.0,0.0,0.0,1.0,0.0,0.0,0.0,0.0,0.0,15.0,0.0,0.0,0.0,13.0,23.0,0.0,0.0,0.0,0.0,4.0,6.0,0.0,11.0,0.0,0.0,0.0,0.0,0.0,3.0,0.0,0.0,0.0,0.0,0.0,0.0,0.0,0.0,0.0,0.0,0.0,0.0
Document15,0.0,0.0,0.0,0.0,0.0,0.0,3.0,0.0,0.0,0.0,0.0,0.0,0.0,0.0,0.0,0.0,0.0,0.0,0.0,11.0,0.0,7.0,0.0,0.0,0.0,0.0,10.0,0.0,0.0,0.0,0.0,0.0,0.0,0.0,2.0,0.0,6.0,0.0,0.0,0.0,0.0,7.0,0.0,17.0,0.0,0.0,0.0,0.0,0.0,0.0,3.0,0.0,0.0,0.0,0.0,10.0,0.0,0.0,0.0,0.0,0.0,18.0,0.0,0.0,1.0,8.0,0.0,0.0,0.0,0.0,0.0,7.0,0.0,0.0,0.0,0.0,0.0,0.0,11.0,7.0,0.0,10.0,2.0,0.0,0.0,0.0,0.0,0.0,0.0,18.0,0.0,0.0,0.0,0.0,0.0,0.0,0.0,0.0,0.0,0.0,0.0,0.0,0.0,0.0,0.0,0.0,0.0,0.0,7.0,17.0,0.0,0.0,0.0,0.0,11.0,0.0,0.0,6.0,0.0,0.0,5.0,0.0,0.0,0.0,0.0,0.0,0.0,0.0,0.0,0.0,0.0,0.0,0.0,11.0,16.0,0.0,0.0,0.0,11.0,0.0,0.0,1.0,0.0,0.0,5.0,0.0,0.0,0.0,11.0,6.0,0.0,0.0,0.0,5.0,0.0,0.0,0.0,0.0,0.0,0.0,0.0,0.0,0.0,0.0,0.0,0.0,11.0,0.0,1.0,0.0,0.0,0.0,0.0,0.0,0.0,1.0,0.0,0.0,0.0,3.0,0.0,0.0,0.0,0.0,27.0,0.0,0.0,0.0,0.0
Document16,0.0,0.0,0.0,0.0,0.0,0.0,20.0,0.0,0.0,0.0,0.0,0.0,0.0,0.0,0.0,0.0,0.0,0.0,0.0,20.0,0.0,0.0,0.0,0.0,0.0,0.0,9.0,0.0,0.0,0.0,0.0,0.0,0.0,0.0,0.0,0.0,0.0,0.0,0.0,0.0,0.0,0.0,0.0,7.0,0.0,0.0,0.0,0.0,0.0,0.0,0.0,0.0,0.0,0.0,0.0,33.0,0.0,0.0,0.0,0.0,0.0,0.0,0.0,0.0,1.0,20.0,0.0,0.0,0.0,0.0,0.0,15.0,0.0,0.0,0.0,0.0,0.0,0.0,0.0,0.0,0.0,11.0,4.0,0.0,0.0,0.0,0.0,0.0,0.0,23.0,0.0,0.0,0.0,0.0,0.0,0.0,0.0,0.0,0.0,0.0,0.0,0.0,0.0,0.0,0.0,0.0,0.0,0.0,11.0,29.0,0.0,0.0,0.0,0.0,34.0,0.0,0.0,0.0,0.0,0.0,16.0,0.0,0.0,0.0,0.0,0.0,0.0,0.0,0.0,0.0,0.0,0.0,0.0,29.0,0.0,0.0,0.0,0.0,0.0,0.0,0.0,3.0,0.0,0.0,0.0,0.0,0.0,0.0,0.0,0.0,0.0,0.0,0.0,0.0,0.0,0.0,0.0,0.0,0.0,0.0,0.0,0.0,0.0,0.0,0.0,0.0,12.0,0.0,0.0,0.0,0.0,0.0,0.0,0.0,0.0,0.0,0.0,0.0,0.0,0.0,0.0,0.0,0.0,0.0,23.0,0.0,0.0,0.0,0.0
Document17,0.0,0.0,6.0,0.0,0.0,0.0,0.0,3.0,2.0,0.0,0.0,18.0,0.0,0.0,0.0,0.0,0.0,0.0,0.0,0.0,8.0,4.0,0.0,0.0,0.0,0.0,0.0,0.0,2.0,0.0,0.0,4.0,0.0,0.0,11.0,0.0,14.0,0.0,0.0,0.0,0.0,2.0,0.0,11.0,1.0,0.0,0.0,0.0,0.0,0.0,0.0,0.0,0.0,0.0,0.0,0.0,11.0,0.0,0.0,0.0,1.0,15.0,0.0,4.0,0.0,0.0,0.0,0.0,0.0,0.0,0.0,0.0,0.0,2.0,0.0,0.0,0.0,0.0,7.0,3.0,0.0,5.0,0.0,0.0,2.0,0.0,0.0,0.0,0.0,0.0,0.0,0.0,1.0,0.0,0.0,5.0,0.0,0.0,0.0,0.0,0.0,6.0,0.0,0.0,0.0,0.0,0.0,6.0,0.0,0.0,0.0,0.0,8.0,0.0,2.0,0.0,0.0,6.0,0.0,0.0,0.0,0.0,0.0,0.0,0.0,0.0,2.0,0.0,7.0,0.0,1.0,0.0,0.0,0.0,14.0,0.0,0.0,1.0,15.0,9.0,0.0,0.0,0.0,0.0,2.0,0.0,0.0,0.0,5.0,1.0,5.0,0.0,7.0,6.0,0.0,19.0,0.0,0.0,6.0,0.0,0.0,0.0,0.0,2.0,14.0,0.0,2.0,0.0,1.0,0.0,0.0,4.0,0.0,0.0,0.0,0.0,0.0,0.0,0.0,2.0,0.0,0.0,0.0,0.0,2.0,0.0,0.0,0.0,0.0
Document18,0.0,2.0,0.0,0.0,0.0,0.0,5.0,0.0,0.0,3.0,0.0,0.0,0.0,0.0,0.0,0.0,0.0,1.0,9.0,8.0,4.0,0.0,0.0,0.0,2.0,0.0,3.0,0.0,0.0,7.0,0.0,0.0,1.0,0.0,0.0,0.0,0.0,0.0,0.0,0.0,0.0,0.0,2.0,3.0,0.0,15.0,7.0,0.0,0.0,0.0,1.0,0.0,0.0,0.0,0.0,8.0,0.0,0.0,5.0,0.0,0.0,19.0,0.0,0.0,1.0,4.0,9.0,0.0,1.0,0.0,0.0,8.0,2.0,0.0,0.0,0.0,0.0,6.0,0.0,0.0,15.0,4.0,2.0,0.0,0.0,0.0,0.0,0.0,0.0,10.0,0.0,12.0,0.0,11.0,0.0,0.0,0.0,0.0,0.0,0.0,0.0,0.0,0.0,0.0,0.0,0.0,0.0,0.0,8.0,20.0,0.0,0.0,0.0,0.0,9.0,0.0,0.0,0.0,0.0,0.0,6.0,0.0,0.0,0.0,3.0,0.0,0.0,0.0,0.0,0.0,0.0,0.0,0.0,2.0,0.0,2.0,0.0,0.0,0.0,0.0,0.0,1.0,0.0,0.0,0.0,0.0,0.0,0.0,0.0,0.0,0.0,0.0,0.0,0.0,0.0,0.0,0.0,0.0,0.0,2.0,6.0,0.0,14.0,0.0,0.0,0.0,2.0,0.0,9.0,4.0,5.0,0.0,4.0,0.0,10.0,0.0,9.0,0.0,13.0,0.0,0.0,0.0,0.0,0.0,7.0,0.0,0.0,0.0,0.0
Document19,10.0,0.0,0.0,0.0,1.0,0.0,4.0,0.0,0.0,0.0,1.0,0.0,4.0,0.0,0.0,0.0,0.0,0.0,0.0,3.0,13.0,0.0,0.0,0.0,0.0,1.0,4.0,0.0,0.0,0.0,0.0,0.0,0.0,4.0,0.0,3.0,0.0,0.0,1.0,0.0,5.0,0.0,0.0,4.0,0.0,0.0,0.0,3.0,0.0,0.0,8.0,0.0,0.0,11.0,0.0,6.0,0.0,5.0,0.0,5.0,0.0,0.0,0.0,0.0,1.0,10.0,0.0,2.0,0.0,0.0,1.0,6.0,0.0,0.0,0.0,0.0,6.0,0.0,0.0,0.0,0.0,6.0,2.0,8.0,0.0,0.0,6.0,0.0,1.0,6.0,0.0,0.0,0.0,0.0,0.0,0.0,0.0,11.0,0.0,0.0,14.0,0.0,9.0,0.0,2.0,0.0,0.0,0.0,9.0,14.0,0.0,0.0,0.0,0.0,10.0,3.0,0.0,0.0,13.0,0.0,8.0,0.0,0.0,0.0,0.0,0.0,1.0,4.0,0.0,0.0,0.0,0.0,0.0,5.0,0.0,0.0,0.0,0.0,0.0,0.0,0.0,1.0,0.0,4.0,0.0,12.0,6.0,0.0,0.0,0.0,0.0,0.0,0.0,0.0,0.0,0.0,0.0,0.0,0.0,0.0,0.0,0.0,0.0,0.0,0.0,9.0,3.0,0.0,0.0,0.0,0.0,0.0,0.0,1.0,0.0,3.0,0.0,0.0,0.0,0.0,0.0,1.0,5.0,0.0,1.0,3.0,0.0,0.0,15.0
Document20,5.0,0.0,0.0,0.0,0.0,2.0,1.0,0.0,0.0,0.0,0.0,0.0,0.0,1.0,0.0,0.0,0.0,0.0,3.0,1.0,3.0,3.0,0.0,0.0,1.0,10.0,2.0,0.0,0.0,4.0,0.0,0.0,1.0,2.0,1.0,1.0,3.0,0.0,1.0,9.0,0.0,3.0,1.0,3.0,1.0,11.0,3.0,2.0,0.0,3.0,1.0,0.0,0.0,4.0,0.0,3.0,0.0,0.0,4.0,0.0,0.0,14.0,0.0,0.0,1.0,4.0,6.0,3.0,2.0,2.0,0.0,2.0,0.0,0.0,6.0,0.0,0.0,3.0,3.0,1.0,8.0,1.0,4.0,0.0,0.0,2.0,3.0,0.0,2.0,7.0,0.0,3.0,0.0,2.0,0.0,0.0,1.0,12.0,0.0,1.0,7.0,0.0,5.0,0.0,0.0,0.0,1.0,0.0,3.0,15.0,0.0,2.0,0.0,0.0,8.0,0.0,0.0,5.0,5.0,0.0,5.0,0.0,0.0,0.0,2.0,0.0,0.0,5.0,0.0,0.0,0.0,0.0,0.0,1.0,5.0,1.0,0.0,0.0,8.0,0.0,0.0,0.0,0.0,0.0,2.0,4.0,7.0,1.0,4.0,0.0,0.0,0.0,0.0,0.0,0.0,0.0,0.0,0.0,0.0,1.0,0.0,0.0,10.0,0.0,0.0,0.0,3.0,0.0,3.0,2.0,4.0,0.0,1.0,0.0,3.0,0.0,1.0,0.0,3.0,2.0,5.0,1.0,4.0,0.0,9.0,0.0,4.0,0.0,0.0
Document21,0.0,0.0,23.0,0.0,0.0,0.0,0.0,0.0,0.0,0.0,0.0,21.0,0.0,0.0,0.0,0.0,0.0,0.0,0.0,0.0,5.0,0.0,0.0,0.0,0.0,0.0,0.0,0.0,0.0,0.0,0.0,14.0,0.0,0.0,40.0,0.0,19.0,2.0,0.0,0.0,0.0,0.0,0.0,0.0,0.0,0.0,0.0,0.0,0.0,0.0,0.0,0.0,0.0,0.0,0.0,0.0,0.0,0.0,0.0,0.0,0.0,0.0,0.0,0.0,0.0,0.0,0.0,0.0,0.0,0.0,0.0,0.0,0.0,14.0,0.0,0.0,0.0,0.0,0.0,0.0,0.0,0.0,0.0,0.0,0.0,0.0,0.0,0.0,0.0,0.0,0.0,0.0,6.0,0.0,0.0,25.0,0.0,0.0,0.0,0.0,0.0,11.0,0.0,0.0,0.0,0.0,0.0,17.0,0.0,0.0,0.0,0.0,22.0,0.0,0.0,0.0,0.0,0.0,0.0,0.0,0.0,0.0,0.0,0.0,0.0,0.0,0.0,0.0,32.0,0.0,9.0,0.0,0.0,0.0,0.0,0.0,0.0,12.0,0.0,17.0,0.0,0.0,0.0,0.0,0.0,0.0,0.0,0.0,0.0,0.0,0.0,0.0,13.0,0.0,0.0,0.0,0.0,0.0,0.0,0.0,0.0,0.0,0.0,0.0,0.0,0.0,6.0,0.0,0.0,0.0,0.0,7.0,0.0,0.0,0.0,0.0,0.0,0.0,0.0,0.0,0.0,0.0,0.0,0.0,0.0,0.0,0.0,0.0,0.0
Document22,0.0,1.0,0.0,0.0,1.0,0.0,0.0,6.0,2.0,5.0,4.0,12.0,4.0,0.0,0.0,0.0,0.0,0.0,8.0,0.0,22.0,0.0,0.0,0.0,0.0,1.0,0.0,0.0,3.0,14.0,0.0,0.0,0.0,0.0,0.0,0.0,0.0,0.0,0.0,0.0,0.0,0.0,3.0,0.0,4.0,13.0,0.0,0.0,0.0,0.0,3.0,0.0,0.0,0.0,0.0,0.0,7.0,5.0,6.0,3.0,5.0,14.0,0.0,3.0,0.0,1.0,0.0,0.0,3.0,1.0,0.0,4.0,0.0,0.0,0.0,0.0,8.0,0.0,0.0,0.0,5.0,4.0,0.0,5.0,2.0,0.0,0.0,0.0,0.0,0.0,0.0,0.0,0.0,12.0,0.0,0.0,0.0,11.0,0.0,0.0,0.0,2.0,0.0,0.0,0.0,0.0,0.0,0.0,0.0,0.0,0.0,0.0,0.0,0.0,1.0,12.0,0.0,0.0,0.0,0.0,0.0,0.0,0.0,0.0,0.0,0.0,5.0,0.0,0.0,0.0,0.0,0.0,0.0,0.0,0.0,0.0,0.0,0.0,0.0,0.0,0.0,0.0,0.0,2.0,0.0,0.0,0.0,0.0,0.0,0.0,7.0,0.0,0.0,0.0,0.0,19.0,0.0,0.0,6.0,0.0,1.0,0.0,0.0,3.0,15.0,8.0,0.0,0.0,0.0,2.0,0.0,0.0,3.0,2.0,10.0,0.0,0.0,0.0,9.0,0.0,0.0,0.0,0.0,0.0,0.0,4.0,0.0,0.0,20.0
Document23,0.0,0.0,0.0,2.0,1.0,2.0,2.0,0.0,0.0,3.0,1.0,0.0,4.0,2.0,0.0,1.0,2.0,0.0,4.0,6.0,9.0,3.0,0.0,2.0,5.0,6.0,4.0,0.0,0.0,5.0,0.0,0.0,0.0,0.0,1.0,0.0,1.0,0.0,0.0,3.0,0.0,4.0,1.0,9.0,0.0,4.0,0.0,0.0,0.0,2.0,3.0,6.0,0.0,0.0,0.0,1.0,1.0,1.0,1.0,4.0,0.0,13.0,1.0,0.0,1.0,4.0,0.0,0.0,2.0,2.0,0.0,4.0,0.0,0.0,2.0,0.0,3.0,0.0,2.0,2.0,3.0,5.0,0.0,0.0,0.0,0.0,0.0,1.0,0.0,5.0,0.0,0.0,0.0,2.0,2.0,3.0,2.0,7.0,0.0,1.0,0.0,0.0,0.0,1.0,0.0,0.0,2.0,4.0,1.0,2.0,0.0,0.0,0.0,0.0,6.0,2.0,1.0,1.0,0.0,0.0,7.0,0.0,1.0,1.0,0.0,0.0,0.0,0.0,0.0,4.0,0.0,1.0,2.0,1.0,2.0,0.0,2.0,0.0,3.0,0.0,0.0,0.0,0.0,6.0,1.0,0.0,0.0,3.0,1.0,4.0,0.0,1.0,0.0,1.0,0.0,0.0,2.0,4.0,0.0,0.0,2.0,2.0,0.0,0.0,0.0,2.0,5.0,1.0,1.0,0.0,1.0,0.0,2.0,0.0,4.0,0.0,0.0,0.0,2.0,2.0,4.0,0.0,0.0,3.0,8.0,3.0,1.0,0.0,8.0
Document24,0.0,0.0,0.0,0.0,0.0,0.0,0.0,0.0,0.0,1.0,0.0,7.0,0.0,0.0,0.0,3.0,0.0,3.0,7.0,4.0,6.0,14.0,0.0,0.0,9.0,0.0,0.0,0.0,0.0,14.0,0.0,0.0,1.0,0.0,0.0,0.0,6.0,0.0,0.0,0.0,0.0,4.0,1.0,10.0,0.0,15.0,3.0,0.0,0.0,0.0,0.0,0.0,0.0,0.0,1.0,0.0,2.0,0.0,3.0,0.0,0.0,18.0,0.0,0.0,0.0,0.0,7.0,0.0,6.0,0.0,0.0,0.0,6.0,0.0,0.0,0.0,0.0,5.0,4.0,2.0,5.0,0.0,1.0,0.0,0.0,0.0,0.0,3.0,0.0,0.0,0.0,6.0,0.0,5.0,0.0,5.0,0.0,0.0,0.0,0.0,0.0,0.0,0.0,3.0,0.0,0.0,0.0,1.0,0.0,9.0,0.0,0.0,0.0,2.0,6.0,0.0,2.0,7.0,0.0,1.0,0.0,0.0,0.0,0.0,2.0,0.0,0.0,0.0,0.0,0.0,0.0,5.0,0.0,0.0,11.0,4.0,0.0,0.0,4.0,0.0,0.0,0.0,0.0,14.0,3.0,0.0,0.0,0.0,3.0,4.0,0.0,1.0,0.0,3.0,0.0,0.0,0.0,3.0,0.0,1.0,3.0,8.0,5.0,0.0,0.0,0.0,1.0,4.0,8.0,1.0,10.0,0.0,6.0,0.0,3.0,0.0,5.0,0.0,5.0,0.0,0.0,0.0,0.0,0.0,3.0,0.0,0.0,0.0,0.0
Document25,0.0,0.0,0.0,0.0,0.0,0.0,0.0,0.0,0.0,0.0,0.0,0.0,0.0,0.0,0.0,0.0,0.0,0.0,0.0,0.0,0.0,12.0,0.0,0.0,0.0,0.0,0.0,0.0,0.0,0.0,0.0,0.0,0.0,0.0,2.0,0.0,9.0,0.0,0.0,0.0,0.0,19.0,0.0,24.0,0.0,0.0,0.0,0.0,0.0,0.0,0.0,0.0,0.0,0.0,0.0,0.0,0.0,0.0,0.0,0.0,0.0,37.0,0.0,0.0,0.0,0.0,0.0,0.0,0.0,0.0,0.0,0.0,0.0,0.0,0.0,0.0,0.0,0.0,22.0,7.0,0.0,0.0,0.0,0.0,0.0,0.0,0.0,0.0,0.0,0.0,0.0,0.0,0.0,0.0,0.0,0.0,0.0,0.0,0.0,2.0,0.0,0.0,0.0,0.0,0.0,0.0,0.0,0.0,0.0,0.0,0.0,0.0,0.0,0.0,0.0,0.0,0.0,17.0,0.0,0.0,0.0,0.0,0.0,0.0,0.0,0.0,0.0,0.0,0.0,0.0,0.0,0.0,0.0,0.0,49.0,0.0,0.0,0.0,28.0,0.0,0.0,0.0,0.0,0.0,11.0,0.0,0.0,0.0,11.0,13.0,0.0,0.0,0.0,12.0,0.0,0.0,0.0,0.0,0.0,0.0,0.0,0.0,0.0,0.0,0.0,0.0,2.0,0.0,4.0,0.0,0.0,0.0,0.0,0.0,0.0,0.0,0.0,0.0,0.0,10.0,0.0,0.0,0.0,0.0,5.0,0.0,0.0,0.0,0.0
Document26,1.0,0.0,4.0,1.0,0.0,0.0,0.0,2.0,0.0,0.0,0.0,10.0,0.0,0.0,1.0,0.0,0.0,1.0,0.0,0.0,2.0,2.0,0.0,1.0,5.0,0.0,2.0,3.0,1.0,0.0,3.0,2.0,1.0,1.0,6.0,2.0,5.0,1.0,1.0,0.0,4.0,2.0,0.0,5.0,0.0,0.0,4.0,2.0,0.0,0.0,0.0,2.0,3.0,3.0,3.0,0.0,11.0,0.0,0.0,0.0,1.0,4.0,2.0,2.0,0.0,0.0,8.0,5.0,0.0,0.0,0.0,0.0,3.0,3.0,3.0,0.0,0.0,5.0,5.0,1.0,3.0,2.0,1.0,0.0,2.0,0.0,6.0,0.0,2.0,0.0,1.0,5.0,1.0,0.0,1.0,3.0,0.0,0.0,0.0,0.0,3.0,2.0,2.0,0.0,2.0,4.0,0.0,8.0,0.0,2.0,3.0,1.0,7.0,0.0,1.0,0.0,0.0,1.0,4.0,0.0,5.0,0.0,2.0,1.0,1.0,1.0,0.0,5.0,2.0,0.0,1.0,0.0,2.0,0.0,2.0,1.0,0.0,1.0,4.0,6.0,2.0,2.0,2.0,0.0,1.0,4.0,6.0,0.0,2.0,4.0,6.0,0.0,3.0,2.0,1.0,6.0,0.0,0.0,7.0,2.0,0.0,0.0,3.0,0.0,3.0,0.0,3.0,0.0,2.0,0.0,3.0,1.0,0.0,0.0,0.0,1.0,5.0,8.0,0.0,1.0,0.0,1.0,3.0,2.0,1.0,0.0,0.0,1.0,0.0
Document27,0.0,1.0,0.0,2.0,1.0,6.0,5.0,0.0,0.0,2.0,1.0,0.0,3.0,5.0,0.0,0.0,7.0,0.0,16.0,0.0,24.0,0.0,0.0,4.0,1.0,10.0,0.0,0.0,0.0,4.0,0.0,0.0,0.0,0.0,0.0,0.0,0.0,0.0,0.0,5.0,0.0,0.0,2.0,0.0,0.0,13.0,0.0,0.0,1.0,4.0,1.0,8.0,0.0,0.0,0.0,0.0,0.0,2.0,4.0,7.0,0.0,6.0,5.0,0.0,0.0,0.0,0.0,0.0,4.0,1.0,0.0,1.0,0.0,0.0,12.0,0.0,6.0,0.0,0.0,0.0,1.0,0.0,0.0,7.0,0.0,6.0,0.0,0.0,0.0,1.0,2.0,0.0,0.0,6.0,3.0,0.0,2.0,14.0,0.0,0.0,0.0,0.0,0.0,0.0,0.0,0.0,10.0,5.0,3.0,0.0,0.0,0.0,0.0,0.0,0.0,3.0,0.0,0.0,0.0,0.0,7.0,0.0,4.0,1.0,0.0,0.0,0.0,0.0,0.0,4.0,0.0,0.0,4.0,0.0,0.0,0.0,0.0,0.0,0.0,0.0,0.0,1.0,0.0,2.0,0.0,0.0,0.0,2.0,0.0,0.0,0.0,0.0,0.0,0.0,3.0,0.0,3.0,0.0,0.0,0.0,2.0,0.0,0.0,0.0,0.0,7.0,0.0,0.0,0.0,6.0,1.0,0.0,3.0,0.0,5.0,0.0,0.0,0.0,6.0,0.0,11.0,0.0,0.0,1.0,0.0,5.0,3.0,0.0,8.0
Document28,0.0,0.0,0.0,4.0,0.0,0.0,3.0,0.0,0.0,0.0,0.0,2.0,0.0,0.0,3.0,0.0,0.0,0.0,0.0,0.0,0.0,4.0,5.0,1.0,1.0,0.0,2.0,6.0,0.0,0.0,3.0,0.0,0.0,0.0,0.0,0.0,7.0,0.0,0.0,0.0,0.0,4.0,0.0,6.0,0.0,0.0,0.0,0.0,1.0,0.0,0.0,9.0,3.0,0.0,9.0,4.0,6.0,0.0,0.0,0.0,0.0,12.0,4.0,12.0,0.0,0.0,0.0,0.0,0.0,0.0,0.0,0.0,0.0,0.0,13.0,1.0,0.0,0.0,4.0,4.0,0.0,0.0,0.0,0.0,0.0,0.0,0.0,0.0,0.0,0.0,0.0,0.0,0.0,0.0,7.0,0.0,0.0,0.0,0.0,0.0,0.0,0.0,0.0,0.0,0.0,13.0,0.0,4.0,0.0,0.0,6.0,0.0,0.0,0.0,0.0,0.0,0.0,12.0,0.0,0.0,5.0,6.0,7.0,1.0,0.0,3.0,0.0,0.0,0.0,7.0,0.0,0.0,3.0,0.0,11.0,0.0,0.0,0.0,10.0,0.0,2.0,0.0,11.0,0.0,3.0,0.0,0.0,0.0,0.0,1.0,0.0,0.0,0.0,8.0,0.0,0.0,7.0,0.0,0.0,0.0,0.0,0.0,0.0,0.0,0.0,0.0,2.0,0.0,1.0,0.0,0.0,0.0,0.0,0.0,0.0,4.0,0.0,17.0,0.0,3.0,0.0,0.0,0.0,4.0,3.0,0.0,0.0,0.0,0.0
Document29,0.0,0.0,5.0,0.0,0.0,0.0,0.0,10.0,4.0,0.0,0.0,23.0,0.0,0.0,0.0,0.0,0.0,0.0,0.0,0.0,7.0,0.0,0.0,0.0,0.0,0.0,0.0,0.0,3.0,0.0,0.0,6.0,0.0,0.0,20.0,0.0,5.0,1.0,0.0,0.0,0.0,0.0,0.0,0.0,0.0,0.0,0.0,0.0,0.0,0.0,0.0,0.0,0.0,0.0,0.0,0.0,16.0,0.0,0.0,0.0,0.0,0.0,0.0,7.0,0.0,0.0,0.0,0.0,0.0,0.0,0.0,0.0,0.0,7.0,0.0,0.0,0.0,0.0,0.0,0.0,0.0,6.0,0.0,0.0,9.0,0.0,0.0,0.0,0.0,0.0,0.0,0.0,3.0,0.0,0.0,20.0,0.0,0.0,0.0,0.0,0.0,10.0,0.0,0.0,0.0,0.0,0.0,13.0,0.0,0.0,0.0,0.0,7.0,0.0,1.0,0.0,0.0,0.0,0.0,0.0,0.0,0.0,0.0,0.0,0.0,0.0,3.0,0.0,15.0,0.0,2.0,0.0,0.0,0.0,0.0,0.0,0.0,5.0,0.0,16.0,0.0,0.0,0.0,0.0,0.0,0.0,0.0,0.0,0.0,0.0,21.0,0.0,7.0,0.0,0.0,17.0,0.0,0.0,9.0,0.0,0.0,0.0,0.0,0.0,22.0,0.0,0.0,0.0,0.0,0.0,0.0,7.0,0.0,0.0,0.0,0.0,0.0,0.0,0.0,0.0,0.0,0.0,0.0,0.0,0.0,0.0,0.0,0.0,0.0
